[{"id": 1,"title": "Child Bride"}, 
{"id": 2, "title": "Last Time I Committed Suicide, The"}, 
{"id": 3, "title": "Jerry Seinfeld: 'I'm Telling You for the Last Time'"}, 
{"id": 4, "title": "Youth Without Youth"}, 
{"id": 5, "title": "Happy Here and Now"}, 
{"id": 6, "title": "Wedding in Blood (Noces rouges, Les)"}, 
{"id": 7, "title": "Vampire in Venice (Nosferatu a Venezia) (Nosferatu in Venice)"}, 
{"id": 8, "title": "Monty Python's The Meaning of Life"}, 
{"id": 9, "title": "Awakening, The"}, 
{"id": 10, "title": "Trip, The"}]